position,effective_radiation_temperature,epsilon_effective,spectral_radiance,flowgofluxradiationheat,flowgofluxconductionheat,characteristic_surface_temperature,flowgofluxforcedconvectionheat,heat_budget,channel_width,crystal_fraction,core_temperature,viscosity,density,mean_velocity,crust_temperature,effective_cover_fraction,dphi_dx,dtemp_dx,dphi_dtemp,dtemp_dt,slope,effusion_rate,channel_depth,tho_0,tho_b
0.0,777.8584922493473,0.95,0.6583569155883661,88740.43797800419,10733.599358797004,774.0631941201342,18887.953610000153,118361.99094680135,4.5,0.104,1387.15,376.93722536761,1069.2,0.564723742550281,773.15,0.9957397890609944,0.00010520877449743926,-0.01761307608774095,0.005973333333333333,0.5967913347655158,0.044760403328039725,3.006306843466418,1.182999999999999,10.271028956630577,555.2156074741703
10.0,779.5232179607156,0.95,0.6457290264333323,65816.72653685232,7890.811379059135,774.8500571857372,13912.199378125932,87619.73729403739,3.309126685180593,0.10505208774497439,1386.9738692391227,380.0414314644447,1069.2,0.7679539296143861,773.15,0.9942110889845617,7.788281617057716e-05,-0.013038417885699302,0.005973333333333333,0.6007742550766365,0.06096260893356845,3.006306843466418,1.182999999999999,10.569879658216381,755.9746080800281
20.0,781.1627172980653,0.95,0.6380453878055372,52558.34201708128,6247.19369438703,775.6298369316661,11034.529820465876,69840.06553193419,2.620408277873474,0.10583091590668016,1386.8434850602657,382.35840531283696,1069.2,0.9697942350947529,773.15,0.992695166524837,6.207894651534005e-05,-0.010392680778237733,0.005973333333333333,0.6047257143549002,0.07716483024706045,3.006306843466418,1.182999999999999,10.794706634662921,956.5353553534941
30.0,782.7789573649065,0.95,0.6327527605219325,43911.14413829933,5175.519812299524,776.4032448132422,9157.817809856755,58244.481760455616,2.171258437501506,0.10645170537183356,1386.7395582524834,384.21691297676495,1069.2,1.1704073534426975,773.15,0.9911907512304658,5.177194552269898e-05,-0.008667178379916124,0.005973333333333333,0.6086477585672038,0.09336703759791841,3.006306843466418,1.182999999999999,10.976118259278932,1156.844833636148
40.0,784.3732532814294,0.95,0.6288055399528901,37823.425213873954,4421.241044194829,777.1707130764607,7836.691222722142,50081.357480790924,1.8550818947813108,0.10696942482706055,1386.6528864686843,385.7748350493997,1069.2,1.3698893017204743,773.15,0.9896970793585219,4.4515964994965016e-05,-0.007452449496924947,0.005973333333333333,0.6125418502469769,0.10956924320344712,3.006306843466418,1.182999999999999,11.128914365385844,1356.850611936226
50.0,785.1696934858905,0.95,0.6269170262975174,35382.89837302589,4118.707744383327,777.556107021122,7307.148605687903,46808.75472309712,1.7283537196735812,0.1074145844770102,1386.5783619737151,387.12024742816715,1069.2,1.4703337705410262,773.15,0.9889458280732121,4.16070368601835e-05,-0.006965463760075363,0.005973333333333333,0.614493395635109,0.11796308310033148,3.006306843466418,1.182999999999999,11.261394259886048,1460.3304033420502
60.0,785.7449027361297,0.95,0.6255407142340661,33810.17511115904,3923.679246226459,777.8353323794697,6965.945062219826,44699.799419605326,1.646699927906006,0.10783065484561204,1386.5087073361144,388.38264607294235,1069.2,1.5432422133568708,773.15,0.9884008833677763,3.973244349473418e-05,-0.006651636745770231,0.005973333333333333,0.6159051968393007,0.12419021541325402,3.006306843466418,1.182999999999999,11.38613891226714,1537.0328123218933
70.0,786.3017555220716,0.95,0.6242772597933232,32418.770051778152,3751.153355168718,778.1062454598323,6664.094495438688,42834.01790238556,1.5744645570483802,0.10822797928055938,1386.4421909686566,389.592609188153,1069.2,1.6140451241660925,773.15,0.9878719635913591,3.807400073505729e-05,-0.006373995658770751,0.005973333333333333,0.6172749968696862,0.13027300201571962,3.006306843466418,1.182999999999999,11.50609732241128,1611.8997267332654
80.0,786.8546907934779,0.95,0.6230915741479968,31149.271461250428,3593.7666031843246,778.375821204343,6388.702744805081,41131.74080923983,1.5085616970896358,0.10860871928790995,1386.378451012069,390.75615617712816,1069.2,1.6845561214890554,773.15,0.987345505790855,3.656089263851115e-05,-0.0061206851515364655,0.005973333333333333,0.6186382583836751,0.1363558043261485,3.006306843466418,1.182999999999999,11.621815595881278,1686.7071936667444
90.0,787.0197377062582,0.95,0.6224698458324114,30785.021100157257,3548.4095306390586,778.4568166425054,6309.753416100438,40643.18404689675,1.4896707646618528,0.10897432821429506,1386.3172441605536,391.87724285013206,1069.2,1.7059184497408835,773.15,0.9871860631552581,3.612662773786704e-05,-0.006047984554330419,0.005973333333333333,0.6190421060988094,0.1384862649122049,3.006306843466418,1.182999999999999,11.733643655264899,1712.8933903803033
100.0,786.9011406478536,0.95,0.622229722121518,31033.581477655272,3578.8635367895804,778.3996292410137,6363.784271230119,40976.22928567497,1.5026039817840227,0.10933559449167374,1386.2567643150103,392.9886654933622,1069.2,1.6912352637712715,773.15,0.9872956517139109,3.642266264859959e-05,-0.006097543970189663,0.005973333333333333,0.6187428830868386,0.1377004147085312,3.006306843466418,1.182999999999999,11.84482729656286,1703.2351439005995
110.0,786.7560487734252,0.95,0.6220244652974535,31345.11914852047,3617.0982708888587,778.3295598755396,6431.482556413669,41393.699975822994,1.518808078891511,0.10969982111815973,1386.1957888753084,394.112884437494,1069.2,1.6731915485536386,773.15,0.9874303383807469,3.679374106108434e-05,-0.006159666472279745,0.005973333333333333,0.6183781129996605,0.13663930862852544,3.006306843466418,1.182999999999999,11.957612121326914,1690.1922831358631
120.0,786.6111629743959,0.95,0.6218182325353104,31662.83793078234,3656.0870157745967,778.259620902881,6500.523636261045,41819.44858281798,1.5353335939410007,0.11006775852877058,1386.1341922105855,395.2523320595664,1069.2,1.6551822037275885,773.15,0.987564786812484,3.717217749010713e-05,-0.0062230207851741845,0.005973333333333333,0.6180139954228316,0.13557821651115373,3.006306843466418,1.182999999999999,12.072251549406605,1677.1476909687117
130.0,786.1998864005641,0.95,0.6219907327838681,32617.125236480893,3773.781829519233,778.0601784046788,6707.70742647396,43098.61449247408,1.5849191396664173,0.11043948030367165,1386.0719620027337,396.407366923898,1069.2,1.6033984181749048,773.15,0.9879514797139975,3.830919349209638e-05,-0.006413369446221492,0.005973333333333333,0.6169911855145683,0.13175363986934424,3.006306843466418,1.182999999999999,12.188792228325006,1630.1144919327978
140.0,785.3085778997396,0.95,0.6229347334062544,34916.211663691596,4057.7316469904868,777.6282329031718,7206.743399862753,46180.68671054483,1.7043511905115099,0.11082257223859261,1386.0078283082714,397.601815239266,1069.2,1.491040611596946,773.15,0.9887910269328956,4.1048764180135665e-05,-0.006872002931942355,0.005973333333333333,0.61478612727236,0.12295829919534335,3.006306843466418,1.182999999999999,12.309659309105736,1521.8633773257902
150.0,784.365310623901,0.95,0.6241181522941832,37747.228570881554,4407.379294062992,777.1725382897376,7821.250210962222,49975.85807590677,1.851419755604114,0.11123305988039398,1385.939108278952,398.8862998571582,1069.2,1.3725989656230377,773.15,0.9896768055630125,4.442218942555051e-05,-0.007436750461866715,0.005973333333333333,0.612460559493294,0.11364478422905935,3.006306843466418,1.182999999999999,12.440030473749031,1407.1065314473942
160.0,783.4202524537617,0.95,0.625516760914664,41104.2993085031,4821.966979615015,776.7174836538614,8549.962279598112,54476.22856771622,2.0258225793172775,0.11167728177464949,1385.8647407743333,400.28175117389765,1069.2,1.254432084735028,773.15,0.990561320071276,4.84224471133459e-05,-0.00810643645870746,0.005973333333333333,0.6101384392001064,0.10433125530014135,3.006306843466418,1.182999999999999,12.58212192975218,1292.22745952355
170.0,782.5056217323073,0.95,0.6271194896691934,44997.59818743296,5302.713533079383,776.2785269575159,9395.095237169575,59695.40695768192,2.228090381559737,0.11216150624578294,1385.7836764097462,401.8092958135739,1069.2,1.140553750650501,773.15,0.9914144815259612,5.306163371285661e-05,-0.008883086001036263,0.005973333333333333,0.6078982233499722,0.09534537703170023,3.006306843466418,1.182999999999999,12.73820442422091,1181.283487552675
180.0,781.8079891497306,0.95,0.6284291210054989,48515.26907392925,5736.853366013011,775.9447859356276,10158.73511261249,64410.85755255476,2.410856516375571,0.11269212258291152,1385.6948455497359,403.49093205445,1069.2,1.0540887955027427,773.15,0.9920627563050111,5.7253070290776043e-05,-0.009584777392429026,0.005973333333333333,0.6061923874048459,0.08859954333706051,3.006306843466418,1.182999999999999,12.910677970620403,1097.933012501155
190.0,781.1345419814909,0.95,0.6299063808681997,52492.14156927996,6227.570891851125,775.6233902454583,11022.074011867822,69741.78647299891,2.6174853272708516,0.11326465328581928,1385.5989977758115,405.314535530444,1069.2,0.9708772060724146,773.15,0.9926870391040918,6.199158891627779e-05,-0.010378056180180433,0.005973333333333333,0.604549091320568,0.08209854268456127,3.006306843466418,1.182999999999999,13.09846809437614,1017.5603375712154
200.0,780.4618337498654,0.95,0.6316797982342719,57194.34528316733,6807.702596206008,775.3030826931424,12042.881080312554,76044.92895968589,2.8618030931530294,0.11388456917498206,1385.4952172140097,407.2998206316695,1069.2,0.887991507017487,773.15,0.9933092675002232,6.759428190245046e-05,-0.011316007014919163,0.005973333333333333,0.6029110873559113,0.07559755599469604,3.006306843466418,1.182999999999999,13.303790153349377,937.1448303884241
210.0,779.7901560043152,0.95,0.6338436069513204,62837.72885919467,7503.836869964954,774.9839940043596,13268.015196801987,83609.58092596162,3.1550251258337596,0.11456051199400656,1385.3820571438605,409.4773560957007,1069.2,0.8054632657813466,773.15,0.9939291999376114,7.431829656716849e-05,-0.012441679112807226,0.005973333333333333,0.6012789294003165,0.0690965710501601,3.006306843466418,1.182999999999999,13.530037421910906,856.6897385593118
220.0,779.8307112207616,0.95,0.6328333923538165,62433.77882839788,7452.533133775494,775.0038570244312,13180.523513224167,83066.83547539754,3.1340911224130985,0.11530369495967825,1385.2576403527323,411.8870549260831,1069.2,0.8108433169995451,773.15,0.9938887744913106,7.383586480625318e-05,-0.012360914867118279,0.005973333333333333,0.6013659127201906,0.06997867441675204,3.006306843466418,1.182999999999999,13.7816572325481,867.608699412035
230.0,780.0389138057014,0.95,0.6310736411286867,60552.88200079129,7218.844126134252,775.1034944015692,12772.441234065485,80544.16736099102,3.0364286351902954,0.11604205360774078,1385.134031204061,414.2973624293632,1069.2,0.8369229600935448,773.15,0.993692836607983,7.159353330559632e-05,-0.011985524548927954,0.005973333333333333,0.6018576410257579,0.07262359872510182,3.006306843466418,1.182999999999999,14.034632518025544,900.3443474319969
240.0,780.255260353185,0.95,0.629358402100022,58717.07222468373,6990.857174967144,775.2071047566445,12374.142028698214,78082.0714283491,2.9411075575732943,0.11675798894079674,1385.0141759585717,416.6500578218535,1069.2,0.86404757110381,773.15,0.9934890887998451,6.940504278007945e-05,-0.01161914778684366,0.005973333333333333,0.6023697854111084,0.0753732584965345,3.006306843466418,1.182999999999999,14.282785296349235,934.3696025794806
250.0,780.4698074079222,0.95,0.6277271760256738,57004.24696102134,6778.181033337665,775.3099563362626,12002.534452542031,75784.96244690103,2.852174684545798,0.11745203936859754,1384.8979844807034,418.9455958080149,1069.2,0.8909892003620224,773.15,0.9932867568227522,6.736320469597832e-05,-0.011277322214728514,0.005973333333333333,0.6028783381395498,0.07812290430533318,3.006306843466418,1.182999999999999,14.526054798686857,968.3876205853437
260.0,781.1221262866545,0.95,0.6246134169355139,52410.34941781472,6210.00009084009,775.6220297328189,11005.568308087846,69625.91781674266,2.6135729777974572,0.11812567141555731,1384.785211258556,421.18759902155625,1069.2,0.9723305463686971,773.15,0.992676132260719,6.18885963995934e-05,-0.010360814129396217,0.005973333333333333,0.6044481637956204,0.08558685372070599,3.006306843466418,1.182999999999999,14.76472451058268,1060.692321457392
270.0,782.0567878813913,0.95,0.6210930480832266,47011.04945819875,5542.727457814836,776.070285766181,9833.797773139324,62387.57468915291,2.3331363649108945,0.11874455737955325,1384.681603117262,423.25963308424286,1069.2,1.0892020199485075,773.15,0.991799442267668,5.545462884164689e-05,-0.009283699024829279,0.005973333333333333,0.6067094238262825,0.0961788851959289,3.006306843466418,1.182999999999999,14.986228251007333,1191.5785307366266
280.0,783.0081459643716,0.95,0.6180962016752356,42568.626654472035,4993.848009350867,776.5281664778634,8869.733790836106,56432.20845465901,2.1024121326665766,0.11929910366796972,1384.5887661270137,425.1262779624229,1069.2,1.2087339118677376,773.15,0.9909035965212437,5.016106476586057e-05,-0.008397499681784694,0.005973333333333333,0.6090205584163016,0.10706028004382771,3.006306843466418,1.182999999999999,15.186527049086754,1325.9010657694746
290.0,783.1142466680753,0.95,0.6173090324054806,42113.989622196175,4937.158139751867,776.5798565373583,8771.187446204976,55822.33520815302,2.0788311801539843,0.11980071431562833,1384.5047911301958,426.8229435875879,1069.2,1.2224450285992088,773.15,0.9908008886991745,4.9618964921557436e-05,-0.008306746359635731,0.005973333333333333,0.6092724474702764,0.10870710465816874,3.006306843466418,1.182999999999999,15.369195667776392,1346.2165758782128
300.0,782.665612109083,0.95,0.6178234924961247,44032.28960725698,5173.189604410528,776.3644598238332,9187.666378090453,58393.14558975796,2.1785101800276157,0.12029690396484391,1384.4217236665995,428.5089838693741,1069.2,1.1665113455857483,773.15,0.9912199460137889,5.190408878226974e-05,-0.008689300577388908,0.005973333333333333,0.6081700625237373,0.10422653205436318,3.006306843466418,1.182999999999999,15.55128761144043,1290.935079530937
310.0,782.1663537480723,0.95,0.6185397462252347,46392.496251182965,5463.634257415676,776.1250723602739,9700.072367475159,61556.202876073796,2.3011480279978755,0.12081594485266661,1384.3348306608257,430.28092280143454,1069.2,1.10434305423076,773.15,0.9916859212326188,5.47156449084932e-05,-0.009159985196734353,0.005973333333333333,0.6069459617322099,0.09917912886938744,3.006306843466418,1.182999999999999,15.743258201730029,1228.629017841883
320.0,781.7804085311558,0.95,0.6190246345480585,48399.70562798578,5710.431072955694,775.9404209836048,10135.875581227163,64246.01228216864,2.405453272741613,0.12136310130175154,1384.2432308088582,432.15802923621374,1069.2,1.056456539926826,773.15,0.9920449983939357,5.710654378560076e-05,-0.009560247285535842,0.005973333333333333,0.6059991460873216,0.09538006719591287,3.006306843466418,1.182999999999999,15.947286130049363,1181.711978163272
330.0,781.4697493550334,0.95,0.6193380383521596,50146.51666871353,5925.014840948329,775.7920695766744,10515.169990737235,66586.7015003991,2.4962347351913596,0.12193416673960755,1384.147628336003,434.127270981977,1069.2,1.0180360066504135,773.15,0.9923331888736183,5.918711916422953e-05,-0.009908557895797355,0.005973333333333333,0.6052361227141178,0.09240928991621576,3.006306843466418,1.182999999999999,16.162051958256107,1145.0120342318057
340.0,781.1667284063134,0.95,0.619668779486671,51979.69447148663,6150.149791924831,775.6475196833475,10913.21961394932,69043.06387736078,2.5915053421300938,0.12252603793124985,1384.048542757045,436.17922362445313,1069.2,0.9806103040433916,773.15,0.9926139976746418,6.137051328707687e-05,-0.010274081465470458,0.005973333333333333,0.6044922089772936,0.08951513259068121,3.006306843466418,1.182999999999999,16.386614703483946,1109.2489060146036
350.0,780.8645125430178,0.95,0.6200424144323755,53950.67770142007,6392.165855240604,775.5034915972024,11341.189926461398,71684.03348312208,2.693937374788505,0.12313974306412061,1383.9458019423903,438.3187326386733,1069.2,0.943324393973996,773.15,0.9928938366163533,6.37179997857791e-05,-0.010667075856994269,0.005973333333333333,0.6037507720964258,0.08662099097310992,3.006306843466418,1.182999999999999,16.62159029416511,1073.47668075095
360.0,780.6451061443389,0.95,0.6201536953972493,55474.456574036376,6578.948899136541,775.3991696779719,11672.100448954687,73725.5059221276,2.773140200256236,0.12377692306197839,1383.8391311838204,440.5529404140596,1069.2,0.9163823889039053,773.15,0.9930960913773347,6.553260945700881e-05,-0.0109708609582046,0.005973333333333333,0.6032102263927271,0.08464846872172499,3.006306843466418,1.182999999999999,16.867857008666963,1049.0907023236048
370.0,780.5569862795023,0.95,0.6197774509575001,56097.63698279967,6654.663542398991,775.357634532442,11807.534580686153,74559.83510588482,2.805559236559255,0.12443224915654848,1383.7294225742385,442.8645345915355,1069.2,0.9057933293160005,773.15,0.9931755951694444,6.627422211702227e-05,-0.011095014863340781,0.005973333333333333,0.6029874271125574,0.08415211977173807,3.006306843466418,1.182999999999999,17.123595287184248,1042.9537727925206
380.0,780.4824673690752,0.95,0.619347759956091,56632.43063736277,6719.449075142092,775.3226040277535,11923.785741771957,75275.66545427681,2.833387223417491,0.1250949913777187,1383.618472425605,445.21657661102495,1069.2,0.8968971203346948,773.15,0.993242393777933,6.691050436523356e-05,-0.011201535329001155,0.005973333333333333,0.6027974867945091,0.08380841208214283,3.006306843466418,1.182999999999999,17.384774199739205,1038.703971015415
390.0,780.4080563624128,0.95,0.6189167053491079,57177.15917965878,6785.423720157525,775.2876284889483,12042.195180264116,76004.77808008042,2.861731825305872,0.12576409642137104,1383.506457072315,447.60587904263167,1069.2,0.888013621333874,773.15,0.9933091014345902,6.755859287082389e-05,-0.011310032288642392,0.005973333333333333,0.6026077638024224,0.08346470439254758,3.006306843466418,1.182999999999999,17.651070224012436,1034.4540465310417
400.0,780.4043103065767,0.95,0.6182005677933291,57181.55463343449,6784.818165961254,775.2864176932828,12043.321907661399,76009.69470705715,2.8620067704807832,0.12643968235007927,1383.3933567494287,450.0333949275326,1069.2,0.8879283122902477,773.15,0.9933097420559627,6.756296312764995e-05,-0.011310763916459257,0.005973333333333333,0.6025888509033059,0.0839318731827704,3.006306843466418,1.182999999999999,17.922617941485342,1040.2305300178077
410.0,780.7789645884486,0.95,0.6160459163766953,54405.40573877425,6441.8413572049585,775.4661696981357,11440.90805925654,72288.15515523576,2.717834281556555,0.12711531198135576,1383.280249110264,452.4763217039458,1069.2,0.9350300931596309,773.15,0.9929560978911686,6.425498721106658e-05,-0.010756973305424094,0.005973333333333333,0.6034856251131812,0.08878212572077013,3.006306843466418,1.182999999999999,18.196880961679742,1100.1896470665756
420.0,781.191337263852,0.95,0.6139275899045382,51652.08879153209,6101.857025738759,775.6642747489977,10843.448404609435,68597.39422188028,2.574847723552982,0.1277578618534664,1383.1726793772098,454.81389220530235,1069.2,0.9869542257705375,773.15,0.9925663930009828,6.0974369576509576e-05,-0.010207762763924594,0.005973333333333333,0.6044756757311112,0.0941093767433399,3.006306843466418,1.182999999999999,18.460229789504044,1166.0155700971159
430.0,781.6003128288012,0.95,0.6119842615547337,49187.66997599503,5797.603188667511,775.8610758023814,10308.694116816658,65293.9672814792,2.446868827402054,0.12836760554923152,1383.0706017495704,457.045052513869,1069.2,1.0385750200489605,773.15,0.9921791163580828,5.803804265887913e-05,-0.009716190177267712,0.005973333333333333,0.6054595444893196,0.09943662776590967,3.006306843466418,1.182999999999999,18.71240925396178,1231.8084021464108
440.0,782.0060129110713,0.95,0.6101912271385757,46968.55950061514,5523.683884307041,776.0566224980976,9827.183591343892,62319.42697626608,2.331633073564759,0.1289479859758203,1382.9734398477976,459.18054689294985,1069.2,1.0899042693673147,773.15,0.991794176812846,5.539405418165447e-05,-0.009273558177732334,0.005973333333333333,0.6064374390081987,0.10476387878847945,3.006306843466418,1.182999999999999,18.954512004290688,1297.5662760443922
450.0,782.0498155861799,0.95,0.6094761853315275,46726.45641333889,5493.145113972442,776.078274315588,9774.776704306994,61994.378231618335,2.319094846283972,0.12950192651763684,1382.8807042660203,461.2295388047369,1069.2,1.0957968560657516,773.15,0.9917499953941548,5.510512713841396e-05,-0.00922518869504698,0.005973333333333333,0.6065359661187477,0.1058096888029207,3.006306843466418,1.182999999999999,19.187473450551213,1310.4711531839105
460.0,782.0207852874952,0.95,0.6089648747623571,46859.25850003776,5508.741716633489,776.0648893190058,9803.741687954936,62171.741904626186,2.3260313438438622,0.13005297778902097,1382.78845237907,463.27835518884615,1069.2,1.092529061657756,773.15,0.99177449641007,5.526278091331461e-05,-0.009251581626112938,0.005973333333333333,0.6064573075696382,0.10598835641311811,3.006306843466418,1.182999999999999,19.421056131253867,1312.6756970484248
470.0,781.9880440325243,0.95,0.6084630509895295,47012.152036846994,5526.802581623434,776.0497183852127,9837.06789408716,62376.02251255759,2.3340116282838985,0.13060560559815412,1382.6959365628088,465.34362480309807,1069.2,1.0887935649852545,773.15,0.9918025048692565,5.544436042411986e-05,-0.009281979981716494,0.005973333333333333,0.6063696044648921,0.10612353216368506,3.006306843466418,1.182999999999999,19.657153145514584,1314.3435757253974
480.0,781.95522199249,0.95,0.6079605391029832,47166.55762838986,5545.04121114985,776.0345080972447,9870.722755237353,62582.321594777066,2.342070586477779,0.13116004920239532,1382.6031167629917,467.4264027004523,1069.2,1.0850470759286721,773.15,0.9918305965429459,5.5627734102161595e-05,-0.00931267870013866,0.005973333333333333,0.6062816875589208,0.10625870791425203,3.006306843466418,1.182999999999999,19.895890445364852,1316.0114303860487
490.0,781.515028562386,0.95,0.608649679515346,49571.95336189547,5840.075529472431,775.8234527642011,10392.957394374464,65804.98628574236,2.4670618215517766,0.13171632654341695,1382.5099899759903,469.5269265975455,1069.2,1.0300742442999742,773.15,0.9922428816558395,5.849227363922478e-05,-0.009792233310138078,0.005973333333333333,0.6052036396169709,0.10145264536758355,3.006306843466418,1.182999999999999,20.137300967605974,1256.6976875984542
500.0,780.8331831383035,0.95,0.6102747830789585,53851.53147807638,6365.4188398362,775.4968343622932,11322.008671314969,71538.95898922755,2.6894182603031203,0.13230124927980919,1382.4120676428888,471.74741776945524,1069.2,0.9449094917611822,773.15,0.9928819385039387,6.358904698943471e-05,-0.010645487777249114,0.005973333333333333,0.6035413467090203,0.09370316008658448,3.006306843466418,1.182999999999999,20.393185314659938,1160.997315199236
510.0,780.130157576388,0.95,0.6123350385764533,59138.3378248152,7014.341862329333,775.1608455043825,12469.719776388085,78622.39946353261,2.9641090849364287,0.13293713974970353,1382.3056127651164,474.1752053234891,1069.2,0.8573425500400458,773.15,0.9935394499976565,6.988532576580429e-05,-0.01169955230454313,0.005973333333333333,0.601831440426234,0.08568761506908214,3.006306843466418,1.182999999999999,20.67375074365719,1061.93801789255
520.0,779.4281530626256,0.95,0.6148904615967606,65596.3470695355,7806.888261823693,774.8261435904041,13871.693208685527,87274.92854004473,3.2996557809679574,0.13363599300736156,1382.188617242071,476.86009128014825,1069.2,0.7701581650225298,773.15,0.9941945215694435,7.757632498913141e-05,-0.012987107978091196,0.005973333333333333,0.6001276349613703,0.0776720840142138,3.006306843466418,1.182999999999999,20.984973200780434,962.8106652662508
530.0,779.2221939308487,0.95,0.6151638668744791,67749.77461194564,8069.983446325096,774.7284962069542,14339.325502811942,90159.08356108269,3.4115829541159717,0.13441175625725288,1382.05874616229,479.8611026667335,1069.2,0.7448908250670894,773.15,0.9943844518304538,8.013997243031397e-05,-0.013416290027396312,0.005973333333333333,0.5996202808707961,0.07570281680188383,3.006306843466418,1.182999999999999,21.33399012959155,938.4472036995076
540.0,779.7185346055672,0.95,0.6117547224991006,62683.12165108054,7445.837066903217,774.9659520195677,13239.738167329442,83368.6968853132,3.1484189709483834,0.13521315598155603,1381.924583262016,482.9842897816604,1069.2,0.8071533251849177,773.15,0.9939165007353447,7.41041812543904e-05,-0.012405833915355536,0.005973333333333333,0.6008046057882628,0.08238914873166459,3.006306843466418,1.182999999999999,21.698475445639748,1021.1540795610107
550.0,780.2811257531619,0.95,0.6084792834366844,57799.017168954866,6844.502378239129,775.2355951262592,12179.774228492199,76823.2937756862,2.8947387975833054,0.13595419779409992,1381.8005249228625,485.8932273191568,1069.2,0.877888134016738,773.15,0.9933851408495483,6.828614934864882e-05,-0.011431833038278263,0.005973333333333333,0.6021522344619001,0.08996256868838097,3.006306843466418,1.182999999999999,22.03908478689969,1114.7784926264587
560.0,780.838318096248,0.95,0.6056283687957602,53667.96066830655,6335.99576312458,775.5032462749783,11283.26703151234,71287.22346294347,2.6801799830932294,0.1366370592875864,1381.6862065924797,488.59176600848076,1069.2,0.9481664878876409,773.15,0.992857491181456,6.336528608438436e-05,-0.010608027804305418,0.005973333333333333,0.6034905879973627,0.09753600435306065,3.006306843466418,1.182999999999999,22.35600809380052,1208.3391599762092
570.0,781.3121213507784,0.95,0.6033612191029964,50597.097371932716,5957.936863102562,775.7313903442899,10616.88131398157,67171.91554901685,2.520697268665838,0.13727071214843026,1381.5801263144367,491.11138758934317,1069.2,1.0081563038394166,773.15,0.9924073095565277,5.9707300114053464e-05,-0.009995641760165201,0.005973333333333333,0.6046301550858642,0.10411475069708995,3.006306843466418,1.182999999999999,22.652726059224907,1289.5555804095484
580.0,781.4383038869378,0.95,0.6023315208501381,49824.85783764474,5862.251878087786,775.7926492149608,10449.41602809002,66136.52574382255,2.4806221819031133,0.1378677851495708,1381.4801698968352,493.4993438248015,1069.2,1.0244433271682802,773.15,0.9922851220699695,5.8786970102195226e-05,-0.009841568655501433,0.005973333333333333,0.6049277602798168,0.10629558148535892,3.006306843466418,1.182999999999999,22.93464338111232,1316.4663876772665
590.0,781.5264582653745,0.95,0.6014382130483761,49293.78418305945,5796.213031636656,775.835643499113,10334.29456535744,65424.29178005354,2.4530745865346026,0.13845565485059275,1381.3817542102802,495.86364919091403,1069.2,1.0359476452227383,773.15,0.9921988241616464,5.815388458306713e-05,-0.009735583356540256,0.005973333333333333,0.6051332791846536,0.10800005083423482,3.006306843466418,1.182999999999999,23.214430785772922,1337.4946830181461
600.0,781.4916530757008,0.95,0.6009283604192672,49476.45366590044,5817.797344492638,775.8194716924994,10374.091067641462,65668.34207803453,2.4626036777804967,0.13903719369642342,1381.2843983767148,498.2154199823603,1069.2,1.0319390263262567,773.15,0.9922288933602543,5.837081429640606e-05,-0.009771899714800122,0.005973333333333333,0.6050402806229198,0.10812423799183121,3.006306843466418,1.182999999999999,23.493375942395154,1339.026647573448
610.0,780.9179821224728,0.95,0.6021810947266694,53028.122667308846,6252.765895480095,775.5442258002735,11145.144316733069,70426.03287952201,2.647145997142067,0.1396209018393875,1381.1866793795668,500.5889746638448,1069.2,0.959998747413205,773.15,0.9927686821824242,6.259979705225725e-05,-0.010479876738659138,0.005973333333333333,0.6036401125294534,0.10126129968569968,3.006306843466418,1.182999999999999,23.775540595521342,1254.335596013559
620.0,780.2868222418108,0.95,0.6038930317132128,57596.057906384354,6812.2161632909265,775.2419540076512,12136.811035361132,76545.08510503641,2.884489787293346,0.14024689980991006,1381.0818806121802,503.14907440495676,1069.2,0.8810073977973228,773.15,0.9933617154807611,6.803885718112537e-05,-0.0113904336798759,0.005973333333333333,0.6021033801654271,0.0936415237840503,3.006306843466418,1.182999999999999,24.080582996750216,1160.2358656619424
630.0,779.6566884721911,0.95,0.605967552720305,63038.45935498986,7478.652031733761,774.9408148305738,13318.32191594146,83835.43330266507,3.167271483326688,0.1409272883817213,1380.9679762753815,505.9488426703969,1069.2,0.8023489160477963,773.15,0.9939526017632331,7.451905064016296e-05,-0.012475287495562995,0.005973333333333333,0.6005720039669759,0.08602174788240094,3.006306843466418,1.182999999999999,24.41499823023234,1066.0687711993114
640.0,779.0279019082657,0.95,0.6085254592228783,69629.54244443652,8285.595270260685,774.6409527019646,14749.206576896759,92664.34429159397,3.509739035899564,0.14167247888812293,1380.8432234004258,509.0360157195671,1069.2,0.7240586309930382,773.15,0.9945410711499557,8.236683097793772e-05,-0.013789090007467253,0.005973333333333333,0.5990465780067913,0.07840198768871484,3.006306843466418,1.182999999999999,24.78470699059162,971.8399743440259
650.0,778.9296846106541,0.95,0.6082367943446118,70756.69384030146,8422.057092282686,774.5946499054329,14994.08313405556,94172.83406663971,3.5683533099337708,0.1424961471979023,1380.7053325003512,512.4737507124556,1069.2,0.712165141944263,773.15,0.9946304991091803,8.370768676538229e-05,-0.014013563632597483,0.005973333333333333,0.5987982920132249,0.07771278683769955,3.006306843466418,1.182999999999999,25.19755764266446,963.3141950825934
660.0,778.9201045058603,0.95,0.6074077888908251,70834.51999241153,8429.790596499526,774.5906505720584,15011.189097887449,94275.4996867985,3.5724539334330316,0.14333322406555613,1380.5651968640252,515.9950620432592,1069.2,0.7113476867241743,773.15,0.994636645906329,8.379894346014997e-05,-0.014028840981051893,0.005973333333333333,0.5987630147575536,0.07819179768689717,3.006306843466418,1.182999999999999,25.621676757632404,969.2398615234879
670.0,778.9135412800296,0.95,0.6065607159742318,70876.04302997241,8433.068264530575,774.5880903730649,15020.414995477591,94329.52628998058,3.574668577890914,0.14417121350015763,1380.4249084542148,519.5483483052197,1069.2,0.7109069795151829,773.15,0.9946399597890133,8.384696624741113e-05,-0.014036880510169275,0.005973333333333333,0.5987349795179987,0.07871504739664507,3.006306843466418,1.182999999999999,26.05087290076707,975.7125363840152
680.0,778.9895669843171,0.95,0.6052183088059129,69930.4013731533,8315.382444587178,774.62496708705,14815.359879741489,93061.14369748197,3.5255980065535146,0.14500968316263174,1380.2845396491132,523.1321053662151,1069.2,0.7208016446436831,773.15,0.9945655598540409,8.271953524457644e-05,-0.013848136480676858,0.005973333333333333,0.598905573031324,0.08035125342781695,3.006306843466418,1.182999999999999,26.484959104074743,995.9509106322217
690.0,779.0785289077319,0.95,0.6038260240768466,68861.40176145243,8182.662137980415,774.6680427171846,14583.525288188988,91627.58918762184,3.4701180775917497,0.1458368785150775,1380.1460582843065,526.6958011707347,1069.2,0.7323257551051081,773.15,0.9944789148141533,8.14452873888991e-05,-0.013634813736980876,0.005973333333333333,0.5991075159391214,0.08217505268298095,3.006306843466418,1.182999999999999,26.917783004369603,1018.5064968897603
700.0,779.1669960190861,0.95,0.6024662065774118,67830.03880774925,8054.637671940789,774.7109042513714,14359.857504029324,90244.53398371936,3.416592693165175,0.1466513313889665,1380.0097101469366,530.2321427573623,1069.2,0.7437985940085856,773.15,0.9943926627620764,8.021592700132091e-05,-0.013429005636381849,0.005973333333333333,0.5993085306764515,0.08400595542820055,3.006306843466418,1.182999999999999,27.34840014046003,1041.1465268666207
710.0,779.2544649096692,0.95,0.6011401635662781,66839.8264796335,7931.733962865118,774.7533104433734,14145.119377380568,88916.6798198792,3.3652044320441523,0.1474534906589797,1379.8754200905728,533.7420583323043,1069.2,0.755156749847916,773.15,0.9943072802586984,7.903563332620239e-05,-0.013231411829163346,0.005973333333333333,0.5995073971686158,0.08583687388138343,3.006306843466418,1.182999999999999,27.77686425890386,1063.7832608997116
720.0,779.1036227418946,0.95,0.6011490925611741,68470.61663202566,8129.777239830705,774.6817341963344,14499.308641114158,91099.70251297051,3.449980813135131,0.14824384699224172,1379.7431059722812,537.2267206986469,1069.2,0.7366002824714049,773.15,0.9944467783227438,8.097606319226864e-05,-0.013556260579062831,0.005973333333333333,0.599132722307619,0.08438349458001645,3.006306843466418,1.182999999999999,28.20326264426769,1045.8145561346798
730.0,778.8273621674887,0.95,0.6019451064724043,71711.32358510447,8524.740519491084,774.5502449734325,15202.964400646815,95439.02850524237,3.6183974637024137,0.1490536076241644,1379.6075433664905,540.8243447848809,1069.2,0.7023155601253384,773.15,0.9947045648769929,8.48331727773634e-05,-0.01420198204978182,0.005973333333333333,0.5984563786909511,0.08117785008820773,3.006306843466418,1.182999999999999,28.644513278655083,1006.1741460321246
740.0,778.541230571904,0.95,0.6029283295682069,75417.57730069966,8976.408899801869,774.414147500556,16007.689614906185,100401.67581540771,3.8110043465306105,0.14990193935193802,1379.4655235459927,544.6233563665827,1069.2,0.6668207670216186,773.15,0.9949715203483275,8.924433583392416e-05,-0.014940458007911411,0.005973333333333333,0.5977564601093863,0.0778180563715336,3.006306843466418,1.182999999999999,29.11156293895293,964.6164646344128
750.0,778.2563599470224,0.95,0.6040558692094268,79517.76951159282,9475.954478132635,774.2787628197591,16897.942715592377,105891.66670531784,4.0240819042537765,0.15079438271027726,1379.3161189659136,548.653380304839,1069.2,0.6315122062475798,773.15,0.9952371462525764,9.412424034473249e-05,-0.015757406307711913,0.005973333333333333,0.5970596653273608,0.07445826265485948,3.006306843466418,1.182999999999999,29.60820436151848,923.047894450038
760.0,778.2891426841269,0.95,0.602819551769246,78970.12591302198,9406.661630001763,774.2949750925175,16779.3036800817,105156.09122310544,3.9956945231991314,0.15173562511372457,1379.1585449028364,552.9413209034635,1069.2,0.6359987798670907,773.15,0.9952033898773374,9.34704071807676e-05,-0.015647947630708862,0.005973333333333333,0.5971245360332982,0.07558587276068321,3.006306843466418,1.182999999999999,30.137927042282744,937.0002751642334
770.0,778.7228232806574,0.95,0.5988188108749842,72867.27064952192,8658.154143622536,774.5026990530712,15454.798153427742,96980.2229465722,3.6786987497006076,0.15267032918553225,1379.0020654265293,557.2380187037257,1069.2,0.6908031927547983,773.15,0.9947911412615437,8.620309885867996e-05,-0.014431322353573655,0.005973333333333333,0.5981522134513423,0.08247170629594242,3.006306843466418,1.182999999999999,30.670020522037557,1022.1750012555258
780.0,779.1921726712991,0.95,0.595119959236181,67255.89720663661,7970.269555999014,774.7278793812077,14236.971409221222,89463.13817185684,3.387235416320282,0.15353236017411906,1378.8577522029934,561.2350400237107,1069.2,0.7502451200268079,773.15,0.9943442014839975,7.952136538482667e-05,-0.013312728580049109,0.005973333333333333,0.5992685790853955,0.08994194238728091,3.006306843466418,1.182999999999999,31.166115611631742,1114.52358979846
790.0,779.6566814796397,0.95,0.5919029688413151,62501.66246050498,7387.601308416509,774.9511669143164,13205.195450407042,83094.45921932854,3.14030105270663,0.15432757382796733,1378.7246249171928,564.951789791493,1069.2,0.8092398782231249,773.15,0.9939008224812249,7.386041880557984e-05,-0.012365025469684127,0.005973333333333333,0.6003763023187813,0.09741217847861938,3.006306843466418,1.182999999999999,31.628350298133903,1206.8099832800278
800.0,780.1479281106557,0.95,0.5889373925815081,58164.17109488533,6856.21645193651,775.187728985442,12263.876666150793,77284.26421297263,2.9150166607798593,0.15506617801602313,1378.600974662496,568.4295752572172,1069.2,0.871781240796201,773.15,0.9934310046254464,6.869589351059226e-05,-0.011500428601103617,0.005973333333333333,0.6015514749334937,0.10534612935359101,3.006306843466418,1.182999999999999,32.06164503658294,1304.7511910691364
810.0,780.7493464985733,0.95,0.5858986852548624,53624.7817873804,6300.475592827894,775.4778420425453,11278.734914305127,71203.99229451342,2.67924455147482,0.15575313695112905,1378.4859703764848,571.6865162540158,1069.2,0.9484975307974035,773.15,0.992855006375613,6.329130414845654e-05,-0.010595642435567503,0.005973333333333333,0.6029964412408778,0.11499752784575634,3.006306843466418,1.182999999999999,32.468084490721935,1423.7822282680409
820.0,781.3570607191776,0.95,0.5832161126386336,49715.505439380504,5821.997086723819,775.7716773558022,10430.366213391926,65967.86873949625,2.476207478548619,0.15638604999261363,1378.380013952129,574.7064156633492,1069.2,1.0262697546514854,773.15,0.9922714208982162,5.863705544974945e-05,-0.009816471336453591,0.005973333333333333,0.604460857800334,0.12483401326910792,3.006306843466418,1.182999999999999,32.84549471267976,1544.9594132580312
830.0,781.9588884535727,0.95,0.5808565723255842,46376.79133747916,5413.434152486238,776.0633544875797,9705.843138612125,61496.06862857752,2.3028112969989762,0.15697242054711114,1378.2818492387646,577.5207859850701,1069.2,1.1035454119875259,773.15,0.9916919012906551,5.4662193201287196e-05,-0.009151036808251205,0.005973333333333333,0.6059150810804754,0.13467049694713024,3.006306843466418,1.182999999999999,33.19768233056367,1665.987093211572
840.0,782.5550369707681,0.95,0.5787568766210084,43491.72118975562,5060.450639058148,776.352952645229,9079.786717884494,57631.95854669825,2.1529818390777,0.15751904247912402,1378.1903388706821,580.1588032721986,1069.2,1.1803429064524273,773.15,0.9911163029329281,5.122749019413315e-05,-0.008576030724464256,0.005973333333333333,0.6073594218683673,0.14450698062515255,3.006306843466418,1.182999999999999,33.52819546612285,1786.8535795326711
850.0,782.5758261580809,0.95,0.5781804115208135,43383.98423313009,5046.6631734283,776.3636210746406,9056.531981984986,57487.17938854337,2.14742030815494,0.15803131738106535,1378.1045785634374,582.6437736182688,1069.2,1.1833998364575904,773.15,0.991093398112471,5.109879991374498e-05,-0.008554486592702843,0.005973333333333333,0.6074026820869917,0.14551873053924114,3.006306843466418,1.182999999999999,33.839872953748895,1799.2759202006775
860.0,782.5186228096927,0.95,0.5777954304944095,43627.875539960136,5075.800228020455,776.3364285221063,9109.595697262479,57813.271465243066,2.160123957742203,0.1585423053802028,1378.0190336975104,585.1348275351128,1069.2,1.1764402836087369,773.15,0.9911455450899256,5.138865434664583e-05,-0.008603011330353655,0.005973333333333333,0.6072557453622258,0.1453246865783337,3.006306843466418,1.182999999999999,34.15263518369703,1796.8935763765019
870.0,782.459835370981,0.95,0.5774132255191929,43881.968323852416,5106.170276235713,776.3084690820293,9164.87439988461,58153.01299997274,2.173357748029629,0.15905619192366927,1377.9330035842067,587.652498615489,1069.2,1.1692768223640004,773.15,0.991199222790604,5.1690641413852676e-05,-0.008653567200979801,0.005973333333333333,0.6071049335325001,0.14510561285062334,3.006306843466418,1.182999999999999,34.4690579913697,1794.2038522692542
880.0,782.4010757377933,0.95,0.5770298008561066,44139.08396759464,5136.896598883099,776.280525303924,9220.810047452316,58496.790613930054,2.1867487960431324,0.1595730983378078,1377.8464679121969,590.1976703784443,1069.2,1.1621164927926817,773.15,0.991252879929959,5.1996216042792124e-05,-0.008704723667878146,0.005973333333333333,0.6069541763786399,0.144886539122913,3.006306843466418,1.182999999999999,34.789254025675824,1791.5140420522462
890.0,782.1625964037236,0.95,0.5771078744961209,45262.86574507561,5273.350198201957,776.1653978833388,9464.853247984143,60001.06919126171,2.2451595423077064,0.16009306049823574,1377.7594206755182,592.7708186828388,1069.2,1.1318825204128753,773.15,0.9914794753374768,5.3333328610414845e-05,-0.008928570637904271,0.005973333333333333,0.6063655822389289,0.14184284373239683,3.006306843466418,1.182999999999999,35.113284699615235,1754.1343924198973
900.0,781.8392238337705,0.95,0.577437238722623,46890.418675806635,5471.203825402759,776.0092208578018,9818.244848757131,62179.867349966524,2.329740920295971,0.16062639378433988,1377.670134969139,595.4236892759034,1069.2,1.090789460466455,773.15,0.9917875397040801,5.527000340205163e-05,-0.009252790748111321,0.005973333333333333,0.6055707976764813,0.13745360246301888,3.006306843466418,1.182999999999999,35.44767690460399,1700.2015577488623
910.0,781.5092546212244,0.95,0.5778271545525027,48680.74249458664,5688.828174895781,775.8500127893325,10206.974737190896,64576.545406673315,2.422780269649091,0.1611790938183604,1377.577607061658,598.1874607005325,1069.2,1.0489010800159493,773.15,0.992101664905282,5.740034574585654e-05,-0.009609432881560805,0.005973333333333333,0.6047606716685943,0.1329497122604067,3.006306843466418,1.182999999999999,35.79638586204237,1644.8259332520265
920.0,781.1487257008097,0.95,0.5783650760625125,50806.75420447095,5947.296752857931,775.67619946796,10668.576418961167,67422.62737629005,2.533260620886325,0.16175309727581896,1377.4815127328425,601.0735535425557,1069.2,1.0031564934630144,773.15,0.9924448218391098,5.9930151080723016e-05,-0.010032949399674612,0.005973333333333333,0.6038771003321663,0.12795048539877377,3.006306843466418,1.182999999999999,36.16088484930008,1583.321089068445
930.0,780.7741429552163,0.95,0.5790234357208864,53228.56367027794,6241.716290701069,775.4958020830943,11194.394258476594,70664.6742194556,2.6591105551317784,0.1623523987866262,1377.3811832388458,604.1041283586195,1069.2,0.9556792727447643,773.15,0.9928011017999141,6.28119188889888e-05,-0.010515388206861966,0.005973333333333333,0.6029603132497628,0.12271529700358819,3.006306843466418,1.182999999999999,36.54401043665818,1518.8708501004992
940.0,780.3991884450272,0.95,0.5797741195035789,55902.468050584306,6566.72947868865,775.3154423436425,11774.944351474916,74244.14188074788,2.798060376993084,0.16298051797551608,1377.2760293567771,607.2995077245254,1069.2,0.9082208741353925,773.15,0.9931573683409692,6.59936109422007e-05,-0.011048037546127348,0.005973333333333333,0.6020434990574651,0.11745999019811486,3.006306843466418,1.182999999999999,36.94837673411349,1454.1310681311184
950.0,780.0252143707983,0.95,0.5806283254369864,58858.68390633792,6925.991134038637,775.1357706220341,12416.787108387121,78201.46214876368,2.9516802996541234,0.16364045408493808,1377.1655489813159,610.6779306438203,1069.2,0.8609526044450165,773.15,0.9935123346777761,6.951116596439485e-05,-0.011636913944932173,0.005973333333333333,0.6011298821155132,0.11220469735527556,3.006306843466418,1.182999999999999,37.37634309121014,1389.3512978625938
960.0,779.7801500196157,0.95,0.581006374275077,60966.52690974253,7181.663035496735,775.0183407615746,12874.49442043939,81022.68436567867,3.0612308998664126,0.16433556574458202,1377.0491798418666,614.2600773116701,1069.2,0.8301421632674493,773.15,0.993743777414655,7.201887413702927e-05,-0.012056731161333024,0.005973333333333333,0.6005280532921838,0.10900234280910684,3.006306843466418,1.182999999999999,37.83058667954939,1349.8582998570125
970.0,779.6824095424535,0.95,0.5807256334554719,61833.785753476106,7286.021507476131,774.9718689545928,13062.925111731542,82182.73237268378,3.106334555695274,0.1650557544859523,1376.9286125302533,617.9972465528253,1069.2,0.8180885850872134,773.15,0.9938343364931328,7.305000945503909e-05,-0.012229354261446276,0.005973333333333333,0.600281707456612,0.1081663545320111,3.006306843466418,1.182999999999999,38.304981910483825,1339.546189736941
980.0,779.599513984453,0.95,0.5803757784993556,62585.14388429511,7376.198561518275,774.9325474209842,13226.20095498144,83187.54340079482,3.145417886181364,0.1657862545805027,1376.8063189876389,621.8149554922036,1069.2,0.8079234408377546,773.15,0.9939107140964394,7.394315881847441e-05,-0.012378877034342815,0.005973333333333333,0.6000710956376224,0.10756795094467231,3.006306843466418,1.182999999999999,38.790097367235276,1332.164166788509
990.0,779.5167762372121,0.95,0.5800262100046776,63354.18598806463,7468.475582809285,774.8933061438024,13393.317869775867,84215.97944064978,3.1854206136052765,0.16652568616868743,1376.6825302172954,625.7072973693977,1069.2,0.797777483646047,773.15,0.9939869533875252,7.485730781627872e-05,-0.012531915371028804,0.005973333333333333,0.5998607945978746,0.10696954735733352,3.006306843466418,1.182999999999999,39.285188062853024,1324.7816668096164
1000.0,779.4521334725051,0.95,0.5795862222137954,63962.098052115514,7541.074443127616,774.8627738286943,13525.461744086779,85028.6342393299,3.21705315073055,0.16727425924685022,1376.557211063585,629.6766494116449,1069.2,0.7899331227708124,773.15,0.9940459019097303,7.557965470124304e-05,-0.012652843979002742,0.005973333333333333,0.5996940333759304,0.1066665477272118,3.006306843466418,1.182999999999999,39.79055949095524,1321.043381862798
1010.0,779.4437842437898,0.95,0.5788584745700047,64014.46809178809,7545.989557024942,774.859325599553,13537.019051035033,85097.47669984806,3.2198251234220625,0.16803005579386265,1376.430682623795,633.714044322729,1069.2,0.7892530631525078,773.15,0.9940510125620712,7.564084690362633e-05,-0.012663088209312444,0.005973333333333333,0.599662869490215,0.1072960286472116,3.006306843466418,1.182999999999999,40.30507011802383,1328.8095226865553
1020.0,779.4411302578096,0.95,0.5781022033560593,64009.95387742876,7543.976351760444,774.8586173024563,13536.228896526392,85090.15912571558,3.219641916643268,0.16878646426289892,1376.3040517417019,637.7848838279737,1069.2,0.78929797389572,773.15,0.994050675056741,7.563434250976969e-05,-0.012661999304090909,0.005973333333333333,0.5996454237712782,0.1080254715547901,3.006306843466418,1.182999999999999,40.82430194496691,1337.8082730239482
1030.0,779.4381478875679,0.95,0.577348546289976,64008.73410442052,7542.3643552890935,774.857750559751,13536.153766874524,85087.25222658414,3.219629839888073,0.16954280768799662,1376.1774317486609,641.8858174962588,1069.2,0.7893009345337066,773.15,0.9940506528074785,7.563175864570353e-05,-0.012661566737561976,0.005973333333333333,0.5996271875171137,0.10875491446236861,3.006306843466418,1.182999999999999,41.3478114124761,1346.806311531042
1040.0,779.4352349509351,0.95,0.5765954491981103,64006.82933384131,7540.669035805919,774.8569168294916,13535.929877072038,85083.42824671927,3.2195821591670257,0.17029912527445365,1376.0508160812853,646.0173151490188,1069.2,0.7893126237641165,773.15,0.9940505649626478,7.562835961336158e-05,-0.01266099770312973,0.005973333333333333,0.5996091189917268,0.10949106467026254,3.006306843466418,1.182999999999999,41.87564133994327,1355.8863613527176
1050.0,779.5182319573789,0.95,0.5754134892303946,63156.198081865914,7435.725702260848,774.8974545327698,13351.477705359308,83943.40148948607,3.1754421485675146,0.17105540887058726,1375.9242061042542,650.179593904994,1069.2,0.8002844084634513,773.15,0.9939681151757941,7.46150206431114e-05,-0.012491353902306596,0.005973333333333333,0.5997981461169034,0.11169824120359036,3.006306843466418,1.182999999999999,42.40780197252226,1383.1063716796514
1060.0,779.609796863144,0.95,0.5742119727854494,62246.6301401003,7323.6768929600785,774.9421406066909,13154.230304675822,82724.5373377362,3.128239739620217,0.17180155907701838,1375.799292565231,654.3167104409689,1069.2,0.8123600021092965,773.15,0.993877378489379,7.353160524380384e-05,-0.012309978556440376,0.005973333333333333,0.6000080523645179,0.1140687823002341,3.006306843466418,1.182999999999999,42.937115464192,1412.3335677622833
1070.0,779.7003714259885,0.95,0.573039118787763,61372.017960007055,7215.944793115492,774.986372071915,12964.568190905493,81552.53094402804,3.0828527028957096,0.17253687512945642,1375.6761927796667,658.4237522974541,1069.2,0.8243199031498564,773.15,0.9937875192881287,7.248984043908187e-05,-0.012135575966364153,0.005973333333333333,0.6002158083156613,0.11643932339687782,3.006306843466418,1.182999999999999,43.46292085506343,1441.5528272894512
1080.0,779.7899736251802,0.95,0.5718935122646106,60530.36285688523,7112.282069056419,775.0301568497831,12782.057597859337,80424.702523801,3.0391772239235477,0.17326177353384725,1375.554837020003,662.5020004544026,1069.2,0.8361660588504697,773.15,0.9936985227069665,7.148734424088256e-05,-0.011967747361754892,0.005973333333333333,0.6004214486878017,0.11880986449352157,3.006306843466418,1.182999999999999,43.985350932340246,1470.7639860646232
1090.0,779.7595093332425,0.95,0.5713120133663009,60776.430157882525,7140.891954566874,775.0160278278693,12835.648462101357,80752.97057455075,3.052008957615756,0.1739766469762561,1375.4351595463856,666.5526672914192,1069.2,0.8326505186477259,773.15,0.9937249330644466,7.17791328383012e-05,-0.012016595899269174,0.005973333333333333,0.6003374884743968,0.11908785355546223,3.006306843466418,1.182999999999999,44.50453171473491,1474.1889874898382
1100.0,779.6787432427236,0.95,0.570964178915267,61486.46986605632,7225.8695977630105,774.9776313017551,12989.951286643343,81702.29075046268,3.0889446000698504,0.1746944383046391,1375.314993587393,670.6488991224318,1069.2,0.8226942112910665,773.15,0.9937997332408175,7.262295788310191e-05,-0.012157861252751437,0.005973333333333333,0.6001321244591136,0.1184794143249245,3.006306843466418,1.182999999999999,45.02981780340165,1466.6924827235464
1110.0,779.5940352006419,0.95,0.5706361170205478,62251.375271106954,7317.463456790209,774.9373375772509,13156.165821030803,82725.00454892797,3.1287312201116575,0.1754206678834701,1375.1934149748656,674.823136363464,1069.2,0.8122323915652852,773.15,0.9938783373188426,7.353202053520377e-05,-0.012310048080670275,0.005973333333333333,0.5999171875707879,0.11779831703762622,3.006306843466418,1.182999999999999,45.565358376638095,1458.300123028571
1120.0,779.168953157805,0.95,0.5720791242677489,66539.58965200883,7837.009868968088,774.7330051914944,14087.169844059737,88463.76936503666,3.351559215839795,0.17615598808882213,1375.070314494059,679.0804721526576,1069.2,0.7582312224907253,773.15,0.9942841698300577,7.863305346479672e-05,-0.01316401564700838,0.005973333333333333,0.598882060615092,0.11103193907236125,3.006306843466418,1.182999999999999,46.111797890369274,1374.8899028624082
1130.0,778.6014078828198,0.95,0.5747035763956442,73316.82714015711,8658.541946053509,774.4604413046169,15558.482785787814,97533.85187199843,3.7037039033417685,0.1769423186234701,1374.938674337589,683.6677866003619,1069.2,0.6861393102141199,773.15,0.9948262171730172,8.669520464622628e-05,-0.01451370613497092,0.005973333333333333,0.5975054589659632,0.10168774994447347,3.006306843466418,1.182999999999999,46.70083253159476,1259.5999035301352
1140.0,778.0239141351045,0.95,0.578084297933398,81829.59001712795,9690.265549809026,774.1836076348441,17406.56385263391,108926.41941957088,4.146025096817578,0.17780927066993235,1374.7935372762392,688.7673105873215,1069.2,0.6129381231741439,773.15,0.9953769073327648,9.682175000484663e-05,-0.016208998326704235,0.005973333333333333,0.596106780774176,0.09213226427602221,3.006306843466418,1.182999999999999,47.35589722660914,1141.5892362325853
1150.0,777.4486664903104,0.95,0.58243764561571,92577.12433614473,10992.509821492227,773.9083651230599,19739.796960098236,123309.43111773519,4.704463792313774,0.17877748816998082,1374.631447292972,694.5149309522759,1069.2,0.5401799128793825,773.15,0.9959245670677799,0.00010960642033897719,-0.018349289119248414,0.005973333333333333,0.5947150438700526,0.08257676289960772,3.006306843466418,1.182999999999999,48.09449502497924,1023.4741400448751
1160.0,777.1364039278503,0.95,0.5848469051719593,99673.65958530575,11850.562047870835,773.7594127952156,21280.542728239605,132804.7643614162,5.0732320360007215,0.1798735523733706,1374.4479544017797,701.0890190209725,1069.2,0.5009147666503269,773.15,0.9962202456865136,0.00011804656540599855,-0.019762259833593507,0.005973333333333333,0.5939524663816572,0.07776236291510244,3.006306843466418,1.182999999999999,48.93959730029234,963.9274927180843
1170.0,777.0929878973004,0.95,0.5841852894921591,100682.83894995289,11969.28730714003,773.7391942168084,21499.90451676984,134152.03077386276,5.125743010651635,0.1810540180274306,1374.2503318034437,708.2505588896,1069.2,0.4957831159688192,773.15,0.9962588950787442,0.00011924411410420162,-0.01996274231655161,0.005973333333333333,0.5938314353389537,0.07786407546792093,3.006306843466418,1.182999999999999,49.86049372769392,965.1857548406925
1180.0,777.0755822755312,0.95,0.5831979030109281,101046.99602609259,12009.66523779433,773.7314234771659,21579.251350669776,134635.9126145567,5.1447430939991055,0.18224645916847262,1374.0507043802781,715.5714201997025,1069.2,0.49395213619906875,773.15,0.9962726855960999,0.0001196742235933522,-0.020034747253351373,0.005973333333333333,0.5937723722400802,0.07845349060961194,3.006306843466418,1.182999999999999,50.80207890864142,972.4770742446448
1190.0,777.2105974321521,0.95,0.5803638715832018,97648.02482803371,11593.760645868086,773.7966548569542,20841.720603067566,130083.50607696935,4.968232874378556,0.18344320140440615,1373.8503569077445,723.0074834725524,1069.2,0.511501152569088,773.15,0.9961405183047942,0.00011562771247096861,-0.01935731793598805,0.005973333333333333,0.59407742609425,0.08192421745354284,3.006306843466418,1.182999999999999,51.75858995823901,1015.4045259561938
1200.0,777.5001231270498,0.95,0.5760465060534076,91153.16355697143,10803.031179091971,773.9360418298378,19432.146134813916,121388.3408708773,4.630876678548889,0.18459947852911585,1373.6567837283847,730.2777763630348,1069.2,0.5487636613706115,773.15,0.9958599404937535,0.00010789881514448749,-0.018063417713920896,0.005973333333333333,0.5947528344934795,0.08838260065636686,3.006306843466418,1.182999999999999,52.6937903749157,1095.251652841039
1210.0,777.8013055656338,0.95,0.5720928451788455,85261.54786952207,10086.10847065141,774.0812134983715,18153.50726452487,113501.16360469835,4.3248582463038945,0.18567846668056073,1373.4761495512455,737.1390563189702,1069.2,0.5875930947905796,773.15,0.9955676481970819,0.00010088811645835511,-0.016889751639233556,0.005973333333333333,0.5954580861564907,0.09513738963539856,3.006306843466418,1.182999999999999,53.57631013891022,1178.7144112159576
1220.0,778.09882222224,0.95,0.5685835990852159,80148.57248813158,9464.107177397489,774.22481787314,17043.87816552038,106656.55783104945,4.059290156889673,0.1866873478451443,1373.3072520348533,743.622589308607,1069.2,0.6260347852106826,773.15,0.9952783591824547,9.480413139183695e-05,-0.015871227353544133,0.005973333333333333,0.5961564244383547,0.10189216465179628,3.006306843466418,1.182999999999999,54.41011716088421,1262.123216033513
1230.0,778.4305069342277,0.95,0.5651743627186624,75136.06291209263,8854.765591163206,774.3850713468595,15956.04861934169,99946.87712259752,3.798939519055698,0.18763538915906267,1373.1485397613178,749.775797660402,1069.2,0.6689384836818735,773.15,0.9949555910435371,8.884007756882702e-05,-0.014872780842995596,0.005973333333333333,0.5969385279147774,0.10939158962954512,3.006306843466418,1.182999999999999,55.20127713251439,1354.659428603786
1240.0,778.8599294832433,0.95,0.5615127600979922,69526.60016776399,8173.609927541069,774.5927148249932,14738.633025421525,92438.84312072658,3.50757434499513,0.18852378993475094,1372.9998119528877,755.5958522627108,1069.2,0.7245054820013495,773.15,0.9945377114033264,8.216638908231805e-05,-0.013755533886548783,0.005973333333333333,0.5979575825195953,0.11892105418417838,3.006306843466418,1.182999999999999,55.94940912060335,1472.133927176085
1250.0,779.2952087269941,0.95,0.5582640371416172,64643.8956651201,7580.89100789523,774.8035576013617,13678.967123047652,85903.75379606299,3.253964660637878,0.18934545382557413,1372.8622566140223,761.025642595666,1069.2,0.7809724771190659,773.15,0.9941132433263916,7.63575248212549e-05,-0.01278306777141544,0.005973333333333333,0.5989934461573929,0.12866686975288885,3.006306843466418,1.182999999999999,56.647172092732355,1592.1371384137092
1260.0,779.4961499922451,0.95,0.5564947736448527,62600.290571856334,7332.104167999567,774.9013258718743,13235.56260924524,83167.95734910114,3.147848242345356,0.19010902907378668,1372.734425936308,766.1123969000353,1069.2,0.8072996681640724,773.15,0.9939154011135277,7.392574930652339e-05,-0.012375962495511728,0.005973333333333333,0.5994666249502575,0.13372346384170558,3.006306843466418,1.182999999999999,57.30064753844723,1654.3416643977494
1270.0,779.0725513412871,0.95,0.5579865474666484,66968.82979322299,7859.223160170225,774.6970226278496,14184.003700659989,89012.0566540532,3.3748496724907864,0.1908482865668519,1372.610666311353,771.0749701665527,1069.2,0.7529985297391649,773.15,0.9943235036518366,7.912041121611979e-05,-0.013245604556270055,0.005973333333333333,0.5984352453826641,0.1259965962824831,3.006306843466418,1.182999999999999,57.93795516696999,1559.271802887621
1280.0,778.5840887203669,0.95,0.5601733627272011,72854.78815981143,8569.56061800815,774.4616930518608,15461.849896820133,96886.19867463972,3.680690827776264,0.1916394906790131,1372.4782102657903,776.4278489409405,1069.2,0.6904293135132995,773.15,0.994793953069603,8.611952322478008e-05,-0.014417330897005594,0.005973333333333333,0.5972488724348193,0.11690725140532528,3.006306843466418,1.182999999999999,58.62512407451369,1447.3195498502573
1290.0,778.0972963738857,0.95,0.5628362993971511,79873.32153279397,9416.384552142226,774.2275357322809,16985.574267573807,106275.28035250999,4.045381234994409,0.1925006859112609,1372.3340369568202,782.3035915358585,1069.2,0.6281872322670663,773.15,0.9952621636473786,9.446522414686978e-05,-0.015814490649587575,0.005973333333333333,0.5960676666526691,0.10781790827349669,3.006306843466418,1.182999999999999,59.37907039677087,1335.2477471395932
1300.0,777.6199283106284,0.95,0.5660617371478687,88235.00933208998,10424.970502224129,773.9982713605553,18800.894167444603,117460.8740017587,4.479863117740465,0.1934453381527296,1372.1758920503244,788.8084976273346,1069.2,0.5672621628577823,773.15,0.9957206805422179,0.00010440779600165317,-0.017478983705633902,0.005973333333333333,0.5949099660848293,0.09888324145596758,3.006306843466418,1.182999999999999,60.21328791353339,1224.975543171589
1310.0,777.3556783800292,0.95,0.5677241762048245,93648.48760028643,11076.39287793731,773.8717490458048,19976.273480710846,124701.15395893459,4.761184406603462,0.19448941611274614,1372.001102213268,796.0716067639624,1069.2,0.5337446787298769,773.15,0.9959730203452547,0.00011084348515506746,-0.018556387023727812,0.005973333333333333,0.5942623698220114,0.09436268684965736,3.006306843466418,1.182999999999999,61.14411741283214,1169.1447749596032
1320.0,777.1160592294605,0.95,0.5693723935297689,99170.80453290914,11740.386437208452,773.7571453128735,21175.29949958938,132086.49046970697,5.048166111256157,0.19559785096429683,1371.8155383430308,803.8679724225636,1069.2,0.5034019850911586,773.15,0.9962015135633392,0.00011740811115818011,-0.019655375751927474,0.005973333333333333,0.593673310273975,0.09033069527954089,3.006306843466418,1.182999999999999,62.14249200744969,1119.327774693988
1330.0,776.8814202768273,0.95,0.5712301053891276,105259.7572667659,12472.195328405382,773.6449988195972,22497.348333390335,140229.30092856163,5.364592766505726,0.19677193207587862,1371.6189845855115,812.2234446178823,1069.2,0.4737091801903044,773.15,0.996425163594524,0.00012464603527966668,-0.02086708179905134,0.005973333333333333,0.593095692719558,0.08637404084658673,3.006306843466418,1.182999999999999,63.21147157580437,1070.423902440618
1340.0,776.7479178149698,0.95,0.5718865395569602,109038.05589157279,12924.261444494547,773.5814542012172,23317.83253715762,145280.14987322496,5.5609763033116355,0.19801839242867528,1371.410313767521,821.2051815553011,1069.2,0.4569803399383148,773.15,0.9965511894862347,0.00012913559838509427,-0.021618682765361764,0.005973333333333333,0.5927587799480163,0.08456722364504465,3.006306843466418,1.182999999999999,64.35933846716976,1048.0861942055242
1350.0,776.6260006416251,0.95,0.572458566298149,112730.98969808954,13365.5451264246,773.523480229825,24119.798518703894,150216.33334321805,5.752928161350246,0.19930974841252622,1371.1941269398674,830.6329749451202,1069.2,0.44173276116137283,773.15,0.996666070252676,0.00013352323844942798,-0.02235322072256049,0.005973333333333333,0.5924489946375757,0.08299833147246367,3.006306843466418,1.182999999999999,65.56273221641817,1028.6871786884312
1360.0,776.5046793967797,0.95,0.5731085620519841,116668.67426153217,13835.875899129524,773.4657982060467,24974.906008074926,155479.45616873662,5.9575992996168585,0.2006449807970205,1370.9705947326418,840.5142774447284,1069.2,0.4265571942107111,773.15,0.9967804216055957,0.00013820148606990933,-0.023136409498310716,0.005973333333333333,0.5921401151825679,0.08142945326251672,3.006306843466418,1.182999999999999,66.82227502609845,1009.2858038165745
1370.0,776.3839613973367,0.95,0.5738459604026279,120875.98924463561,14338.192768250325,773.408410764834,25888.55660575479,161102.73861864072,6.1762825641489645,0.2020269956577196,1370.7392306376587,850.8866943955005,1069.2,0.4114541093419722,773.15,0.9968942398156457,0.00014319986984560364,-0.023973192496473825,0.005973333333333333,0.5918321140032173,0.07986056108993576,3.006306843466418,1.182999999999999,68.1423827799703,989.8817720099753
1380.0,776.0885285785578,0.95,0.578284071008276,132798.51849318077,15770.102233914988,773.2672168251962,28477.016735318324,177045.63746241407,6.795814398636099,0.20345899435617562,1370.499498712694,861.7923469273827,1069.2,0.373944415254526,773.15,0.9971769724781424,0.0001573710817006317,-0.026345605195418256,0.005973333333333333,0.5911075157596369,0.07431923321730412,3.006306843466418,1.182999999999999,69.52797389994504,921.3275447618239
1390.0,775.7306987893205,0.95,0.5855763812388871,150910.67280712415,17946.12928568419,773.0962207272897,32409.15101019759,201265.95310300594,7.736942636027564,0.20503270517318195,1370.23604266074,873.966100396568,1069.2,0.328457500724219,773.15,0.9975199417331939,0.00017889986561263208,-0.029949754287829033,0.005973333333333333,0.5902332864410872,0.06728910109547777,3.006306843466418,1.182999999999999,71.07163465931099,834.3142176601116
1400.0,775.3713759095835,0.95,0.5955120280706073,174947.07849196345,20832.648784391262,772.9246563018115,37627.37982847345,233407.10710482817,8.985887417922253,0.20682170382930828,1369.9365451178617,888.05013549499,1069.2,0.2828053283204679,773.15,0.9978642756296404,0.00020746926864831638,-0.034732578456749395,0.005973333333333333,0.5893534952326454,0.06014258867379918,3.006306843466418,1.182999999999999,72.85329502083627,745.8181895431056
1410.0,775.5177312975594,0.95,0.5882639888849601,163978.9322130196,19500.47325428593,772.9953249603959,35246.94099774256,218726.3464650481,8.416169283255403,0.20889639651579145,1369.589219333294,904.7168487639457,1069.2,0.3019493496325323,773.15,0.9977198663796897,0.0001944199373279628,-0.032547980579458055,0.005973333333333333,0.589670494069179,0.06491088055012526,3.006306843466418,1.182999999999999,74.95548635201966,804.8689658238098
1420.0,775.8447722484275,0.95,0.5767889859791644,144025.91924566642,17089.457120425373,773.1527677465182,30916.055759857143,192031.43212594892,7.379630872452427,0.2108405958890711,1369.2637395274994,920.6680986220808,1069.2,0.34436096945750677,773.15,0.9974000168969697,0.00017069154951981024,-0.028575594227646803,0.005973333333333333,0.5904191598634073,0.0741446165163006,3.006306843466418,1.182999999999999,76.96083331729467,919.1668131965947
1430.0,776.1800426337812,0.95,0.5674545724928464,128065.40881086538,15162.146233278065,773.3144228909663,27451.808990670448,170679.36403481392,6.550512634642258,0.2125475113842692,1368.977983585223,934.9442543861145,1069.2,0.38794778106935895,773.15,0.9970714114813782,0.00015171227332747358,-0.025398260043661875,0.005973333333333333,0.5911919176176711,0.08372741658754553,3.006306843466418,1.182999999999999,78.74987098737839,1037.702477728796
1440.0,776.5096818964311,0.95,0.5599269371253787,115490.48621872977,13644.331802758667,773.4736258409171,24722.46071474317,153857.27873623162,5.897284030783183,0.21406463411754392,1368.7240009847865,947.8508195065245,1069.2,0.4309198655196492,773.15,0.9967475465401173,0.00013675957639665992,-0.02289501836997655,0.005973333333333333,0.5919550942236116,0.0933102009508272,3.006306843466418,1.182999999999999,80.36245875794688,1156.1426566509224
1450.0,776.8924763897135,0.95,0.5529019532102543,103693.91243418888,12221.828286189084,773.6587153033905,22162.048686763977,138077.78940714194,5.284488220521333,0.21543222988151053,1368.4950508010868,959.6642979132531,1069.2,0.48088986774684495,773.15,0.996371073128349,0.00012273361484237087,-0.020546922127629052,0.005973333333333333,0.5928483998736154,0.10438567990220629,3.006306843466418,1.182999999999999,81.83434840746605,1292.8991029616204
1460.0,777.3232062683151,0.95,0.5465395886276246,93026.28017339128,10936.435320721726,773.8672867072354,19846.68143020179,123809.39692431479,4.730341091555806,0.21665956602993425,1368.2895815798106,970.4131342210877,1069.2,0.537224862285871,773.15,0.9959468164528781,0.00011005082643066336,-0.01842368746049052,0.005973333333333333,0.5938597775255968,0.11685470128687697,3.006306843466418,1.182999999999999,83.17008549650843,1446.6719404581884
1470.0,777.7529388142949,0.95,0.5412666245669866,84379.52658881631,9894.928109757328,774.0757609033617,17969.9769115551,112244.43161012874,4.281182850162364,0.21776007429424088,1368.1053447052057,980.171229635469,1069.2,0.5935875505480657,773.15,0.995522531999551,9.977104135711067e-05,-0.01670274129862344,0.005973333333333333,0.5948723576932743,0.1294601323698958,3.006306843466418,1.182999999999999,84.37975832830655,1601.8983221271806
1480.0,778.1767798457307,0.95,0.536845552600658,77303.70964488715,9042.89578763494,774.2817563745873,16434.26647249468,102780.87190501677,3.9136375334369604,0.218757784707812,1367.9383172922194,989.1172360215306,1069.2,0.6493337259172619,773.15,0.9951030662989843,9.135913892970322e-05,-0.015294498704749424,0.005973333333333333,0.5958740297995008,0.14206554774495134,3.006306843466418,1.182999999999999,85.48625647098085,1756.869977554906
1490.0,778.4577300379385,0.95,0.5339763588794538,73224.13973165856,8551.114224522704,774.4186984185083,15548.94005878148,97324.19401496275,3.701753296914548,0.21967137609710902,1367.785372305172,997.3929399593151,1069.2,0.6865008653046732,773.15,0.9948234979620418,8.650884544403614e-05,-0.014482507607818551,0.005973333333333333,0.5965352402729369,0.15095940527391027,3.006306843466418,1.182999999999999,86.50768673590535,1866.0450287478207
1500.0,778.4116248227016,0.95,0.5334746561064273,73815.1064185327,8620.069811903859,774.3968592261309,15677.432630806723,98112.60886124328,3.7325130405369604,0.22053646455154938,1367.6405472290937,1005.304116519622,1069.2,0.680843392608932,773.15,0.9948660479640102,8.720964609050417e-05,-0.014599829144615654,0.005973333333333333,0.5964118323798531,0.15102529494383157,3.006306843466418,1.182999999999999,87.48216131368683,1866.8533061458163
1510.0,778.3313895892933,0.95,0.5332127046146173,74899.47445692748,8748.159720293786,774.3584412669295,15913.02928931954,99560.6634665408,3.7889068106292836,0.22140856101245443,1367.4945489376476,1013.3538720878333,1069.2,0.6707097768536032,773.15,0.9949422677059265,8.849678268908673e-05,-0.014815309601967646,0.005973333333333333,0.5962063798291659,0.1501561209763384,3.006306843466418,1.182999999999999,88.47171485758548,1856.1903823995835
1520.0,778.2513196701045,0.95,0.5329548650005731,76014.92649567088,8879.883369779545,774.32010598025,16155.37679609323,101050.18666154366,3.846916436509577,0.2222935288393453,1367.3463958416278,1021.5997253127398,1069.2,0.6605958001474093,773.15,0.995018345555681,8.982077959618671e-05,-0.01503696086989733,0.005973333333333333,0.5960011918581066,0.14928693130088194,3.006306843466418,1.182999999999999,89.48327249127505,1845.5258636281615
1530.0,778.1529180125458,0.95,0.5328410602917315,77444.23447395251,9049.138109686872,774.2728710284765,16465.85661318097,102959.22919682035,3.921232789361316,0.22319173663530717,1367.1960262329287,1030.0494386845278,1069.2,0.648075994970495,773.15,0.9951125282276964,9.151767590549447e-05,-0.015321039493107333,0.005973333333333333,0.5957518748086669,0.14790141912747876,3.006306843466418,1.182999999999999,90.51761137261889,1828.5234489797688
1540.0,777.781487113637,0.95,0.5350096618357519,83521.25661581692,9775.354507280685,774.0931462423259,17785.22607224072,111081.83719533833,4.237014483373393,0.22410691339436212,1367.0428158379978,1038.743128945265,1069.2,0.5997753492343473,773.15,0.9954759627856092,9.873764260604844e-05,-0.016529739275566144,0.005973333333333333,0.5948478088053235,0.1388328244697979,3.006306843466418,1.182999999999999,91.57944212573315,1717.1523366230376
1550.0,777.3818353761511,0.95,0.5379131982444803,91251.42079271466,10699.09616918053,773.8999475706688,19463.47420270174,121413.99116459693,4.638690715965046,0.2250942898204226,1366.877518445242,1048.219270355941,1069.2,0.5478392497111276,773.15,0.9958669001371964,0.00010792161499726247,-0.018067234653559566,0.005973333333333333,0.5938764166176574,0.12891691260284657,3.006306843466418,1.182999999999999,92.73407452931433,1595.2140515913304
1560.0,776.9843056695876,0.95,0.5414777767234711,100533.00045059802,11807.895244026653,773.7080046022694,21478.527834985605,133819.42352961027,5.1209789897760825,0.2261735059703952,1366.6968460987064,1058.6929397069132,1069.2,0.4962443404961875,773.15,0.9962554212720731,0.00011894846851496424,-0.01991324807728196,0.005973333333333333,0.5929101995548656,0.11900101469852925,3.006306843466418,1.182999999999999,94.00686778253925,1473.1190899590476
1570.0,776.5892171912488,0.95,0.5459312653699663,111875.24201857735,13162.417683863101,773.5174622601631,23940.939165712596,148978.59886815306,5.710339101520633,0.22736299065554486,1366.4977136179336,1070.3791723078111,1069.2,0.44502730858830103,773.15,0.9966412468207154,0.0001324230497297794,-0.022169037343155035,0.005973333333333333,0.5919496213690695,0.10908510283157791,3.006306843466418,1.182999999999999,95.4227857023262,1350.879112810103
1580.0,776.3370721284759,0.95,0.5489444888428473,120539.75601064523,14194.94837374938,773.3961608554679,25822.122999732048,160556.82738412666,6.160590509086336,0.22868722115284265,1366.276023244502,1083.5675705865967,1069.2,0.4125021518193964,773.15,0.99688634125337,0.00014271462410490448,-0.023891957160419277,0.005973333333333333,0.5913290243909872,0.10323811719237376,3.006306843466418,1.182999999999999,97.0153038177814,1278.7364467249677
1590.0,776.1324425076881,0.95,0.5515743884619267,128619.14150782712,15156.261587123712,773.297868324267,27576.319298733753,171351.72239368458,6.580449985201499,0.23011436739389168,1366.037103672898,1097.9948167629288,1069.2,0.38618283661317865,773.15,0.9970847154741259,0.00015230991449922176,-0.025498311579110786,0.005973333333333333,0.5908206176680597,0.0987317241876142,3.006306843466418,1.182999999999999,98.7507964176931,1223.104639685276
1600.0,775.9327228970635,0.95,0.5545702295821643,137639.0686712564,16228.877184288373,773.2019811238904,29534.713263493253,183402.65911903803,7.049183098586357,0.2316374665388839,1365.7821205571067,1113.6412666256294,1069.2,0.36050373581385453,773.15,0.9972783023106024,0.000163021666424639,-0.027291573620196265,0.005973333333333333,0.5903228547791758,0.09432403653337192,3.006306843466418,1.182999999999999,100.62507103098638,1168.667322511599
1610.0,775.7346538018676,0.95,0.5580914512740597,147949.94109531297,17454.402983187756,773.1069204955862,31773.3729687489,197177.71704724964,7.584996090422718,0.2332676832031303,1365.5092048209049,1130.6787598188298,1069.2,0.33503733043251155,773.15,0.9974703228215285,0.00017526594308529234,-0.029341396721868137,0.005973333333333333,0.5898277937313567,0.08991636284176369,3.006306843466418,1.182999999999999,102.65658329713986,1114.2074733971374
1620.0,775.5028851678255,0.95,0.5634213283094197,162235.99827473372,19153.200464169247,772.9956305102475,34874.99350809935,216264.19224700233,8.32735136463245,0.23502034263398322,1365.2157908536863,1149.3381713381248,1069.2,0.30516988297976416,773.15,0.9976955749582428,0.00019223139499412588,-0.032181595144105894,0.005973333333333333,0.5892512174537365,0.08441771001467256,3.006306843466418,1.182999999999999,104.87017657939754,1046.2376006642157
1630.0,775.2441918163395,0.95,0.5711996497542392,181920.71887514606,21494.12426036671,772.8713988375357,39148.597438134995,242563.4405736478,9.350211070419826,0.23694265658392447,1364.8939749022452,1170.2208796987813,1069.2,0.27178604015857377,773.15,0.9979474069924926,0.00021560808597842845,-0.03609510367942441,0.005973333333333333,0.5886087178886356,0.07800177321925703,3.006306843466418,1.182999999999999,107.33341504083418,966.8891654979908
1640.0,774.9857477372909,0.95,0.5814076032972698,207095.25688498747,24486.232826403917,772.7473367568555,44613.99242545848,276195.4821368499,10.658316809928092,0.23909873744370874,1364.533023865451,1194.1753106928943,1069.2,0.23842947125657915,773.15,0.998199096773078,0.0002455026986696073,-0.04109978214334943,0.005973333333333333,0.5879639595119639,0.07149736917471641,3.006306843466418,1.182999999999999,110.14054014891163,886.406007986096
1650.0,774.7306938852405,0.95,0.5950441964122191,239960.08029020941,28389.693512525355,772.624947856767,51748.87420706571,320098.6480098005,12.366001199708549,0.24155376443040483,1364.1220260440175,1222.155707906958,1069.2,0.20550352538669966,773.15,0.9984475995701453,0.00028452703613725743,-0.04763287435333551,0.005973333333333333,0.5873234162347295,0.06499296338484654,3.006306843466418,1.182999999999999,113.39440817037276,805.8853275754902
1660.0,774.5459134631776,0.95,0.6074907775277351,271084.3068864548,32076.744020104616,772.5364375258226,58506.01113024675,361667.0620368062,13.983279711014923,0.2443990347917774,1363.6456973004842,1255.5530483761577,1069.2,0.1817353935553805,773.15,0.9986270238201217,0.00032147607579601975,-0.053818539474780096,0.005973333333333333,0.5868440071214965,0.06072945563478228,3.006306843466418,1.182999999999999,117.24281522642025,753.0869229405258
1670.0,774.4981641656308,0.95,0.6089639265174651,280061.61480258044,33116.96926414885,772.5139604817067,60455.58595479098,373634.1700215203,14.449917040276924,0.24761379554973761,1363.1075119057364,1294.5864689536643,1069.2,0.17586653503912178,773.15,0.9986713324564626,0.0003321133146197244,-0.05559932722428422,0.005973333333333333,0.5866836617664707,0.06115330011698284,3.006306843466418,1.182999999999999,121.69185430820228,758.3363545284525
1680.0,774.4632480170626,0.95,0.6093087877137987,286858.35961430124,33894.82062225089,772.4976585568958,61931.82887401444,382685.0091105666,14.803267718666916,0.25093492869593487,1362.5515186334935,1336.419124614281,1069.2,0.17166864031458,773.15,0.9987030268768009,0.00034015836084710715,-0.05694615415967196,0.005973333333333333,0.5865521313441211,0.06207031181394393,3.006306843466418,1.182999999999999,126.40172247415683,769.6933315241879
1690.0,774.458547880386,0.95,0.6065168287549902,287246.54212789127,33908.718478890805,772.4959325749616,62016.918457127336,383172.1790639094,14.823659648591144,0.25433651230440596,1361.9820570918969,1380.9239984214064,1069.2,0.17143248709962036,773.15,0.9987048098811877,0.00034059139305071557,-0.05701864839018676,0.005973333333333333,0.586490922275309,0.06416014462567242,3.006306843466418,1.182999999999999,131.34673725878915,795.5729922612671
1700.0,774.5153313276127,0.95,0.5975316342713721,274730.7942680198,32390.361671062445,772.5239197175811,59300.82095571116,366421.9768947934,14.173614023147145,0.2577424262349131,1361.411870607995,1427.244140771794,1069.2,0.17929490935241352,773.15,0.9986454487191722,0.00032570259109072566,-0.05452610341920631,0.005973333333333333,0.5865751661932151,0.06870326284855244,3.006306843466418,1.182999999999999,136.42218964372512,851.8210270190021
1710.0,774.5752650174848,0.95,0.5889045493747043,262661.1851778349,30929.09401662919,772.5534588991212,56681.53496921756,350271.81416368164,13.54673821232975,0.2609994521458204,1360.866609573803,1473.260497911707,1069.2,0.18759178790089148,773.15,0.9985828112452341,0.0003113471479684638,-0.0521228484322205,0.005973333333333333,0.5866690996732453,0.07350448908786363,3.006306843466418,1.182999999999999,141.39326891116391,911.2455473664069
1720.0,774.6319291807098,0.95,0.5811605526281366,252142.67005531857,29655.49885253062,772.5814431319541,54398.925574656554,336197.09448250575,13.000441677910356,0.26411292362550504,1360.345381089481,1518.8917767924972,1069.2,0.19547465420303603,773.15,0.9985233030058002,0.0002988365100752819,-0.050028433606353,0.005973333333333333,0.5867574455712841,0.07830571532717483,3.006306843466418,1.182999999999999,146.2537908062244,970.649061928293
1730.0,774.6793424559316,0.95,0.5746212022680462,243879.4730526327,28652.177789746085,772.6049683639834,52605.87000595628,325137.52084833506,12.571314250580453,0.2671012887262579,1359.8450967534175,1564.264871644381,1069.2,0.20214726883936793,773.15,0.9984729338015272,0.00028900595400565426,-0.04838269319291087,0.005973333333333333,0.5868257572824006,0.08284458716398477,3.006306843466418,1.182999999999999,151.01980984079498,1026.78602626584
1740.0,774.6650575376902,0.95,0.5730317970934544,245703.5670427376,28844.80378727477,772.5985787876479,53002.53806923751,327550.90889924986,12.666275492773286,0.26999134826631443,1359.3612698214883,1609.673997326464,1069.2,0.20063173605580997,773.15,0.9984843737986565,0.00029115114941164936,-0.048741821888110944,0.005973333333333333,0.5867493806360865,0.08479136580890276,3.006306843466418,1.182999999999999,155.7238707945911,1050.8574545339816
1750.0,774.6430719034093,0.95,0.5720626692284944,248831.11168763274,29190.99219504266,772.5884455150568,53682.163347129426,331704.2672298048,12.828960009544575,0.27290285976043094,1358.8738516026071,1657.0019908296388,1069.2,0.1980875175840912,773.15,0.9985035791230061,0.00029484295736884075,-0.04935987009523004,0.005973333333333333,0.5866544481262403,0.08645337304240688,3.006306843466418,1.182999999999999,160.55800871312715,1071.4046080181658
1760.0,774.6198128876706,0.95,0.5712206895663519,252264.16644008568,29572.344755516562,772.5776859566373,54428.11673037354,336264.6279259758,13.007519816787385,0.27585128933411934,1358.3802529016548,1706.6141815419726,1069.2,0.195368285212723,773.15,0.9985241059682045,0.00029889653872779305,-0.0500384830459475,0.005973333333333333,0.5865559576399605,0.08811538027591101,3.006306843466418,1.182999999999999,165.55167481149007,1091.9488019963203
1770.0,774.5952858878576,0.95,0.5705139063093826,256025.0239929439,29991.357736556896,772.5663018331039,55245.23836734429,341261.6200968451,13.20311338755156,0.2788402547213973,1357.8798680711952,1758.7101817228233,1069.2,0.1924740602373578,773.15,0.9985459542549769,0.00030333823000271214,-0.05078206975491833,0.005973333333333333,0.5864538691791513,0.08977738750941512,3.006306843466418,1.182999999999999,170.71582096518168,1112.489979719887
1780.0,774.3978545254639,0.95,0.5870921725924998,295783.05734083214,34653.93076761816,772.470830835731,63876.6409284239,394313.6290368742,15.268981368249197,0.28187363702142443,1357.372047373646,1813.5137296267199,1069.2,0.1664326375275193,773.15,0.9987425605007,0.0003504947267848279,-0.058676572564424316,0.005973333333333333,0.585941803978321,0.0828553541001403,3.006306843466418,1.182999999999999,176.0624922541617,1026.9191675089062
1790.0,774.1564869929975,0.95,0.6177369907412439,365630.91099866235,42847.67339145423,772.3539833525072,79040.07286779881,487518.65725791536,18.898233523736245,0.2853785842892727,1356.7852816480017,1879.3725896564601,1069.2,0.13447060214831388,773.15,0.9989839188081941,0.0004333421570932818,-0.07254612004909852,0.005973333333333333,0.5853192267915688,0.07346730135749138,3.006306843466418,1.182999999999999,182.37433683895253,910.7853557685215
1800.0,773.9180210417113,0.95,0.6678656993933841,477482.51552753034,55954.73443390683,772.2385206696185,103321.9126767992,636759.1626382364,24.709899037176548,0.2897120058602055,1356.0598204475107,1964.7543898165097,1069.2,0.10284367563189518,773.15,0.9992228039856207,0.000565998008442548,-0.09475413087765872,0.005973333333333333,0.5846917860458446,0.06391122227709448,3.006306843466418,1.182999999999999,190.37889925875376,792.4906166874748
1810.0,773.6873110369123,0.95,0.760208782424265,679536.06499477,79598.20641453113,772.1267652088114,147185.18493748215,906319.4563467832,35.208210326866045,0.295371985944631,1355.112279138734,2083.2973544553706,1069.2,0.07217796127334333,773.15,0.9994544834610559,0.000805602867463487,-0.13486655147268198,0.005973333333333333,0.5840635637558763,0.05435515890466083,3.006306843466418,1.182999999999999,201.17264548015532,674.1237036074127
1820.0,773.5551669806586,0.95,0.8575772410211021,896064.232431253,104789.80279513507,772.0628935970572,194191.19912210203,1195045.2343484901,46.458727746536766,0.3034280146192659,1353.7636136240071,2266.992887377019,1069.2,0.05469923445472956,773.15,0.9995865592777019,0.0010622434074408198,-0.1778309275849587,0.005973333333333333,0.5836329360763014,0.05057254346872781,3.006306843466418,1.182999999999999,217.20926922437513,627.2524390028026
1830.0,773.4838209404503,0.95,0.937217527772569,1079752.0000344054,125930.7891543745,772.0285717994129,234068.79684812174,1439751.5860369017,56.00314508082268,0.3140504486936741,1351.9853043481576,2539.5020304955747,1069.2,0.04537703798257706,773.15,0.9996570084279146,0.0012797562691875316,-0.21424491113630553,0.005973333333333333,0.583307968212359,0.05116033545421446,3.006306843466418,1.182999999999999,239.59228283752861,634.5365116402402
1840.0,773.4132786713074,0.95,1.060305122568758,1357225.467045937,157763.9989557487,771.9945375161253,294305.97424565576,1809295.4402473415,70.42045702909569,0.3268480113855494,1349.8428552367945,2921.4114059191793,1069.2,0.036086912080480975,773.15,0.9997272201558604,0.0016082338126416232,-0.26923557131277176,0.005973333333333333,0.5829528234541236,0.05216245115083204,3.006306843466418,1.182999999999999,268.4829622826752,646.9544856489754
1850.0,773.4035384639578,0.95,1.0657580633851882,1394320.8767608686,161327.42917138958,771.9902739410635,302362.4243069108,1858010.730239169,72.34881911684496,0.34293034951196566,1347.150499523667,3503.2610824298217,1069.2,0.035125063166160014,773.15,0.9997344897765436,0.0016515355171696515,-0.2764847405975979,0.005973333333333333,0.5826926386781995,0.06030031756896041,3.006306843466418,1.182999999999999,307.8772196280624,747.7717910210345
1860.0,773.4236896031971,0.95,0.9973798663039761,1277548.9550026187,147089.20714797822,772.0007531360403,277017.2937872985,1701655.4559378955,66.28282442493428,0.35944570468366216,1344.3856521176908,4251.445360665295,1069.2,0.03833959798068433,773.15,0.9997101946409541,0.0015125555400345803,-0.2532180033540034,0.005973333333333333,0.582496587003844,0.0738398087250738,3.006306843466418,1.182999999999999,352.0522854041032,915.3950116882003
1870.0,773.4342623178413,0.95,0.9576166587155927,1217644.1139539464,139563.05176623559,772.0065177492837,264016.57090874074,1621223.7366289226,63.17133890216205,0.374571260084008,1341.8534720841508,5111.213699461946,1069.2,0.04022800348449302,773.15,0.9996959225345838,0.0014410619587630182,-0.24124921184648743,0.005973333333333333,0.5822984480875015,0.08789140042767334,3.006306843466418,1.182999999999999,395.94767124058836,1089.1803451758594
1880.0,773.4283989802532,0.95,0.953903704597483,1231258.2287925335,140529.0671954909,772.0041175181274,266975.21867609984,1638762.5146641242,63.879575798054375,0.38898187967163816,1339.440979965686,6133.006021199253,1069.2,0.03978199306629812,773.15,0.9996992933537281,0.0014566517044956285,-0.2438591023151164,0.005973333333333333,0.5820720670472187,0.10113844770498104,3.006306843466418,1.182999999999999,440.93725526044585,1252.8190095913865
1890.0,773.4089068848916,0.95,0.9820122675618487,1310910.305538308,148990.83601059727,771.994894989289,284269.4566286265,1744170.5981775317,68.01890502610394,0.4035483967165944,1337.0023889425347,7428.563083161687,1069.2,0.037361037207243986,773.15,0.9997175904438014,0.0015503461008120418,-0.25954454812701594,0.005973333333333333,0.5818112111706462,0.11377648153842711,3.006306843466418,1.182999999999999,489.6617598163186,1408.7301193063995
1900.0,773.3791591526016,0.95,1.04567388696795,1465461.7802705423,165815.14553194534,771.9804884781852,317823.108026368,1949100.0338288557,76.04978204027584,0.41905185772471487,1334.4069434612645,9192.977369336426,1069.2,0.033415701837651794,773.15,0.9997474092005363,0.00173250233704009,-0.2900394537455508,0.005973333333333333,0.5815123144510035,0.12635676417225392,3.006306843466418,1.182999999999999,545.2250442423857,1563.7053504744636
1910.0,773.3269405493176,0.95,1.2309579876357921,1875403.53224848,211159.98160546034,771.9546971387699,406817.4833165545,2493380.997170495,97.34989899980637,0.43637688109511574,1331.506548923809,11812.698846878902,1069.2,0.02610436032893387,773.15,0.9998026705079391,0.002216298973759363,-0.37103219426775047,0.005973333333333333,0.5811334855680209,0.13404478419298552,3.006306843466418,1.182999999999999,611.9884519975762,1658.2930270779664
1920.0,773.2622776599039,0.95,1.7134502579268747,2910441.3058014074,325630.7749307609,771.9224566740486,631509.2889395833,3867581.3696717517,151.127982187406,0.45853987083270936,1327.7962269811317,16651.72598899299,1069.2,0.016815263491872626,773.15,0.9998728846878374,0.0034377885410459027,-0.5755226352197382,0.005973333333333333,0.5806538854054074,0.1380294529057634,3.006306843466418,1.182999999999999,704.8549121262743,1707.2792134422382
1930.0,773.1975262850442,0.95,3.5171752979989024,6713320.579228593,743565.9686302335,771.889885531284,1457049.1823272186,8913935.730186045,348.71361060336596,0.49291775624316836,1322.0410006289344,30216.031576780322,1069.2,0.007287518365225904,773.15,0.9999449078787855,0.007923356532109382,-1.326454776580812,0.005973333333333333,0.5799938126984574,0.1416630207142346,3.006306843466418,1.182999999999999,866.279337215642,1751.9254725642502
1940.0,773.1514604335355,0.95,99.397776599088,206640697.8721735,22339702.56650078,771.8663758099162,44857478.60412919,273837879.04280347,10736.20692696181,0.5721513215642622,1308.7764528631262,200766.86343727566,1069.2,0.00023669968907682025,773.15,0.9999982105519516,0.24340708900393782,-40.74895463235566,0.005973333333333333,0.5787158935010424,0.13835542630482914,3.006306843466418,1.182999999999999,1325.7349731091072,1711.2854325790859
